uniprot_acc	pdb	name	module
O08722	3g5b	UNC5b	s
O08808	4uwx	mDIA1	d
O08808	1z2c	mDIA1	d
O08808	3eg5	mDIA1	d
O08808	2bnx	mDIA1	d
O08808	2bap	mDIA1	d
O08808	1v9d	mDIA1	d
O08808	2v8f	mDIA1	d
O08808	3o4x	mDIA1	d
O08808	2f31	mDIA1	d
O08808	3obv	mDIA1	d
O08967	1fgz	Grp1	d
O08967	2r0d	Grp1	d
O08967	6bbq	Grp1	d
O08967	1fgy	Grp1	d
O08967	1fhx	Grp1	d
O08967	1u2b	Grp1	d
O08967	2r09	Grp1	d
O08967	6bbp	Grp1	d
O08967	1fhw	Grp1	d
O14745	4n6x	NHERF1	d
O14745	2kjd	NHERF1	d
O14745	4mpa	NHERF1	d
O14745	4pqw	NHERF1	d
O14745	2ozf	NHERF1	d
O14745	4q3h	NHERF1	d
O14745	1gq4	NHERF1	d
O14745	4jl7	NHERF1	d
O14745	1i92	NHERF1	d
O14745	2m0t	NHERF1	d
O14745	6rqr	NHERF1	d
O14745	4lmm	NHERF1	d
O14745	1sgh	NHERF1	d
O14745	2m0u	NHERF1	d
O14745	2m0v	NHERF1	d
O14745	1gq5	NHERF1	d
O14745	2d10	NHERF1	d
O14745	2krg	NHERF1	d
O14745	2jxo	NHERF1	d
O14745	1g9o	NHERF1	d
O14974	5huz	MLCP	d
O14974	2kjy	MLCP	d
O43639	2jxb	Nck2	d
O43639	2frw	Nck2	d
O43639	2cia	Nck2	d
O43639	1z3k	Nck2	d
O43639	2b86	Nck2	d
O43639	2fry	Nck2	d
O43639	4e6r	Nck2	d
O43639	1wx6	Nck2	d
O43639	1u5s	Nck2	d
O74536	2ooy	AMPK	s
O74536	3h4j	AMPK	s
O74536	2qr1	AMPK	s
O74536	2oox	AMPK	s
O74536	2qre	AMPK	s
O74536	2qrc	AMPK	s
O74536	2qrd	AMPK	s
O76074	7far	hPDE5	s
O76074	3b2r	hPDE5	s
O76074	4oex	hPDE5	s
O76074	3tgg	hPDE5	s
O76074	3bjc	hPDE5	s
O76074	1t9s	hPDE5	s
O76074	6vbi	hPDE5	s
O76074	1xp0	hPDE5	s
O76074	3shy	hPDE5	s
O76074	3shz	hPDE5	s
O76074	7faq	hPDE5	s
O76074	1xoz	hPDE5	s
O76074	2h42	hPDE5	s
O76074	4md6	hPDE5	s
O76074	6iwi	hPDE5	s
O76074	3tge	hPDE5	s
O76074	1udu	hPDE5	s
O76074	2h44	hPDE5	s
O76074	3hdz	hPDE5	s
O76074	1rkp	hPDE5	s
O76074	3lfv	hPDE5	s
O76074	5zz2	hPDE5	s
O76074	2xss	hPDE5	s
O76074	2chm	hPDE5	s
O76074	2h40	hPDE5	s
O76074	3mf0	hPDE5	s
O76074	6acb	hPDE5	s
O76074	5jo3	hPDE5	s
O76074	3jwq	hPDE5	s
O76074	3jwr	hPDE5	s
O76074	1t9r	hPDE5	s
O76074	3sie	hPDE5	s
O76074	4i9z	hPDE5	s
O76074	1tbf	hPDE5	s
O76074	1udt	hPDE5	s
O76074	3hc8	hPDE5	s
O76074	4g2w	hPDE5	s
O76074	4g2y	hPDE5	s
O76074	1uho	hPDE5	s
O76074	6l6e	hPDE5	s
O76074	4oew	hPDE5	s
O76074	4ia0	hPDE5	s
O96013	5zjw	PAK4	d
O96013	2j0i	PAK4	d
O96013	4fij	PAK4	d
O96013	5bms	PAK4	d
O96013	4jdi	PAK4	d
O96013	5ved	PAK4	d
O96013	5vee	PAK4	d
O96013	6wly	PAK4	d
O96013	4o0v	PAK4	d
O96013	4fie	PAK4	d
O96013	4app	PAK4	d
O96013	6wlx	PAK4	d
O96013	5i0b	PAK4	d
O96013	2x4z	PAK4	d
O96013	5xva	PAK4	d
O96013	2q0n	PAK4	d
O96013	5xvf	PAK4	d
O96013	4xbr	PAK4	d
O96013	4l67	PAK4	d
O96013	7cmb	PAK4	d
O96013	4o0x	PAK4	d
O96013	5upk	PAK4	d
O96013	4fif	PAK4	d
O96013	4jdj	PAK4	d
O96013	4o0y	PAK4	d
O96013	4fih	PAK4	d
O96013	2bva	PAK4	d
O96013	2cdz	PAK4	d
O96013	4jdh	PAK4	d
O96013	4jdk	PAK4	d
O96013	2ov2	PAK4	d
O96013	4fig	PAK4	d
O96013	4fii	PAK4	d
O96013	4xbu	PAK4	d
O96013	7cp3	PAK4	d
O96013	7cp4	PAK4	d
O96013	5upl	PAK4	d
O96013	5vef	PAK4	d
O96013	5xvg	PAK4	d
O96013	4njd	PAK4	d
O97143	4g7n	PLK-4	d
O97143	5lhx	PLK-4	d
O97143	4nk7	PLK-4	d
P00519	6xrg	c-Abl	s
P00519	3ue4	c-Abl	s
P00519	4yc8	c-Abl	s
P00519	4zog	c-Abl	s
P00519	4twp	c-Abl	s
P00519	1awo	c-Abl	s
P00519	6npv	c-Abl	s
P00519	2o88	c-Abl	s
P00519	2g2f	c-Abl	s
P00519	4jjb	c-Abl	s
P00519	1opl	c-Abl	s
P00519	3qri	c-Abl	s
P00519	2hiw	c-Abl	s
P00519	3egu	c-Abl	s
P00519	5hu9	c-Abl	s
P00519	4j9f	c-Abl	s
P00519	3qrj	c-Abl	s
P00519	2hyy	c-Abl	s
P00519	2g1t	c-Abl	s
P00519	3k2m	c-Abl	s
P00519	5dc4	c-Abl	s
P00519	7dt2	c-Abl	s
P00519	7cc2	c-Abl	s
P00519	2hzi	c-Abl	s
P00519	2gqg	c-Abl	s
P00519	3eg0	c-Abl	s
P00519	4jjd	c-Abl	s
P00519	2f4j	c-Abl	s
P00519	3qrk	c-Abl	s
P00519	4jjc	c-Abl	s
P00519	6bl8	c-Abl	s
P00519	2g2h	c-Abl	s
P00519	4wa9	c-Abl	s
P00519	6xr7	c-Abl	s
P00519	1ab2	c-Abl	s
P00519	5np2	c-Abl	s
P00519	1bbz	c-Abl	s
P00519	2v7a	c-Abl	s
P00519	4j9b	c-Abl	s
P00519	4j9d	c-Abl	s
P00519	2e2b	c-Abl	s
P00519	3eg1	c-Abl	s
P00519	3t04	c-Abl	s
P00519	5mo4	c-Abl	s
P00519	4j9e	c-Abl	s
P00519	6xr6	c-Abl	s
P00519	3uyo	c-Abl	s
P00519	4xey	c-Abl	s
P00519	5oaz	c-Abl	s
P00519	2hz0	c-Abl	s
P00519	4j9c	c-Abl	s
P00519	3eg3	c-Abl	s
P00519	2g2i	c-Abl	s
P00519	5dc9	c-Abl	s
P00519	1zzp	c-Abl	s
P00519	3cs9	c-Abl	s
P00519	6npe	c-Abl	s
P00519	7n9g	c-Abl	s
P00519	6amw	c-Abl	s
P00519	5dc0	c-Abl	s
P00519	3pyy	c-Abl	s
P00519	3eg2	c-Abl	s
P00519	4j9i	c-Abl	s
P00519	6amv	c-Abl	s
P00519	4j9h	c-Abl	s
P00519	6npu	c-Abl	s
P00519	7w7y	c-Abl	s
P00519	1ju5	c-Abl	s
P00519	2abl	c-Abl	s
P00519	4j9g	c-Abl	s
P00519	7w7x	c-Abl	s
P00519	2fo0	c-Abl	s
P00519	2hz4	c-Abl	s
P00523	1f1w	c-Src	d
P00523	1prl	c-Src	d
P00523	4jz3	c-Src	d
P00523	3dqx	c-Src	d
P00523	4rty	c-Src	d
P00523	1srm	c-Src	d
P00523	3en6	c-Src	d
P00523	1rlp	c-Src	d
P00523	5d12	c-Src	d
P00523	7a32	c-Src	d
P00523	1nlo	c-Src	d
P00523	2hwo	c-Src	d
P00523	3d7u	c-Src	d
P00523	3tz8	c-Src	d
P00523	5xp5	c-Src	d
P00523	4fic	c-Src	d
P00523	3f3w	c-Src	d
P00523	1f2f	c-Src	d
P00523	4omm	c-Src	d
P00523	5ob1	c-Src	d
P00523	2qi8	c-Src	d
P00523	3oez	c-Src	d
P00523	3qlf	c-Src	d
P00523	4qt7	c-Src	d
P00523	3tz7	c-Src	d
P00523	3tz9	c-Src	d
P00523	3u51	c-Src	d
P00523	5ob2	c-Src	d
P00523	5teh	c-Src	d
P00523	1p13	c-Src	d
P00523	3geq	c-Src	d
P00523	7a34	c-Src	d
P00523	7nes	c-Src	d
P00523	4ybj	c-Src	d
P00523	1srl	c-Src	d
P00523	3f3t	c-Src	d
P00523	3f3u	c-Src	d
P00523	3u4w	c-Src	d
P00523	5sys	c-Src	d
P00523	7a31	c-Src	d
P00523	5i11	c-Src	d
P00523	6xx3	c-Src	d
P00523	5bmm	c-Src	d
P00523	4rtz	c-Src	d
P00523	3fj5	c-Src	d
P00523	3el7	c-Src	d
P00523	3svv	c-Src	d
P00523	6xvo	c-Src	d
P00523	7a3b	c-Src	d
P00523	1rlq	c-Src	d
P00523	2qlq	c-Src	d
P00523	5t0p	c-Src	d
P00523	5ec7	c-Src	d
P00523	4lgh	c-Src	d
P00523	4rtw	c-Src	d
P00523	3f3v	c-Src	d
P00523	7ner	c-Src	d
P00523	7a37	c-Src	d
P00523	7a3c	c-Src	d
P00523	7ah3	c-Src	d
P00523	6xvm	c-Src	d
P00523	6xx2	c-Src	d
P00523	6hve	c-Src	d
P00523	4ybk	c-Src	d
P00523	4omp	c-Src	d
P00523	7a3a	c-Src	d
P00523	4lgg	c-Src	d
P00523	3g5d	c-Src	d
P00523	5ob0	c-Src	d
P00523	7d57	c-Src	d
P00523	7a33	c-Src	d
P00523	3d7t	c-Src	d
P00523	2hwp	c-Src	d
P00523	5j5s	c-Src	d
P00523	5k9i	c-Src	d
P00523	4hvv	c-Src	d
P00523	6l8l	c-Src	d
P00523	7d5o	c-Src	d
P00523	3en5	c-Src	d
P00523	6xx5	c-Src	d
P00523	5oav	c-Src	d
P00523	4o2p	c-Src	d
P00523	4dgg	c-Src	d
P00523	7a3d	c-Src	d
P00523	7a3e	c-Src	d
P00523	4u5j	c-Src	d
P00523	4oml	c-Src	d
P00523	4omn	c-Src	d
P00523	6xx4	c-Src	d
P00523	6hvf	c-Src	d
P00523	3of0	c-Src	d
P00523	3dqw	c-Src	d
P00523	2ptk	c-Src	d
P00523	4rtu	c-Src	d
P00523	4rtx	c-Src	d
P00523	4agw	c-Src	d
P00523	4hvw	c-Src	d
P00523	5eca	c-Src	d
P00523	4omo	c-Src	d
P00523	5xp7	c-Src	d
P00523	7net	c-Src	d
P00523	1nlp	c-Src	d
P00523	4rtv	c-Src	d
P00523	5d10	c-Src	d
P00523	3f6x	c-Src	d
P00523	3el8	c-Src	d
P00523	3en7	c-Src	d
P00523	7a38	c-Src	d
P00523	6xvn	c-Src	d
P00523	2qq7	c-Src	d
P00523	4hvu	c-Src	d
P00523	3qlg	c-Src	d
P00523	5d11	c-Src	d
P00523	4le9	c-Src	d
P00523	4omq	c-Src	d
P00523	7wf5	c-Src	d
P00523	6wiw	c-Src	d
P00523	7a30	c-Src	d
P00523	7a35	c-Src	d
P00523	4jz4	c-Src	d
P00523	3lok	c-Src	d
P00523	3uqf	c-Src	d
P00523	5swh	c-Src	d
P00523	2oiq	c-Src	d
P00523	3en4	c-Src	d
P00523	3g6g	c-Src	d
P00523	3g6h	c-Src	d
P00523	7a36	c-Src	d
P00523	7a39	c-Src	d
P00523	1prm	c-Src	d
P00523	3uqg	c-Src	d
P00523	4mcv	c-Src	d
P00579	5uac	RpoD 	s
P00579	5uaj	RpoD 	s
P00579	7mke	RpoD 	s
P00579	4kn4	RpoD 	s
P00579	4mex	RpoD 	s
P00579	6k4y	RpoD 	s
P00579	1sig	RpoD 	s
P00579	4yg2	RpoD 	s
P00579	6psu	RpoD 	s
P00579	6xlm	RpoD 	s
P00579	6cux	RpoD 	s
P00579	7chw	RpoD 	s
P00579	6wmu	RpoD 	s
P00579	5w1s	RpoD 	s
P00579	5vt0	RpoD 	s
P00579	7khi	RpoD 	s
P00579	6xll	RpoD 	s
P00579	3iyd	RpoD 	s
P00579	4yln	RpoD 	s
P00579	4mey	RpoD 	s
P00579	4xsy	RpoD 	s
P00579	4jk1	RpoD 	s
P00579	5ual	RpoD 	s
P00579	6xl5	RpoD 	s
P00579	7mkj	RpoD 	s
P00579	6pb4	RpoD 	s
P00579	6pb5	RpoD 	s
P00579	4zh2	RpoD 	s
P00579	7bef	RpoD 	s
P00579	7vwy	RpoD 	s
P00579	4ylo	RpoD 	s
P00579	4ylp	RpoD 	s
P00579	4ljz	RpoD 	s
P00579	6c9y	RpoD 	s
P00579	1tlh	RpoD 	s
P00579	5uaq	RpoD 	s
P00579	7dy6	RpoD 	s
P00579	3t72	RpoD 	s
P00579	4lk1	RpoD 	s
P00579	6xh8	RpoD 	s
P00579	6p1k	RpoD 	s
P00579	7c17	RpoD 	s
P00579	6oul	RpoD 	s
P00579	6psv	RpoD 	s
P00579	6b6h	RpoD 	s
P00579	7khb	RpoD 	s
P00579	7khc	RpoD 	s
P00579	6p18	RpoD 	s
P00579	4yfk	RpoD 	s
P00579	6vjs	RpoD 	s
P00579	6n57	RpoD 	s
P00579	4zh4	RpoD 	s
P00579	6psw	RpoD 	s
P00579	4xsx	RpoD 	s
P00579	4jk2	RpoD 	s
P00579	7mki	RpoD 	s
P00579	4yfx	RpoD 	s
P00579	4kmu	RpoD 	s
P00579	4lk0	RpoD 	s
P00579	6xh7	RpoD 	s
P00579	6ldi	RpoD 	s
P00579	5uah	RpoD 	s
P00579	5vsw	RpoD 	s
P00579	6n58	RpoD 	s
P00579	6jnx	RpoD 	s
P00579	4llg	RpoD 	s
P00579	6pb6	RpoD 	s
P00579	6pss	RpoD 	s
P00579	6pst	RpoD 	s
P00579	5w1t	RpoD 	s
P00579	7c97	RpoD 	s
P00579	4jkr	RpoD 	s
P00579	6byu	RpoD 	s
P00579	4zh3	RpoD 	s
P00579	6ca0	RpoD 	s
P00579	6xl9	RpoD 	s
P00579	6xlj	RpoD 	s
P00579	4yfn	RpoD 	s
P00579	5uag	RpoD 	s
P00579	4xsz	RpoD 	s
P00579	4kn7	RpoD 	s
P00579	6n4c	RpoD 	s
P00579	6psr	RpoD 	s
P00579	7mkd	RpoD 	s
P00579	7vwz	RpoD 	s
P00579	7khe	RpoD 	s
P00579	6psq	RpoD 	s
P00782	3f49	Subtilisin BPN’	s
P00782	2sic	Subtilisin BPN’	s
P00782	1au9	Subtilisin BPN’	s
P00782	1a2q	Subtilisin BPN’	s
P00782	1sud	Subtilisin BPN’	s
P00782	7am3	Subtilisin BPN’	s
P00782	3cnq	Subtilisin BPN’	s
P00782	1y3c	Subtilisin BPN’	s
P00782	1sub	Subtilisin BPN’	s
P00782	1sue	Subtilisin BPN’	s
P00782	1y3d	Subtilisin BPN’	s
P00782	1gns	Subtilisin BPN’	s
P00782	1y33	Subtilisin BPN’	s
P00782	1tm5	Subtilisin BPN’	s
P00782	1sbt	Subtilisin BPN’	s
P00782	1spb	Subtilisin BPN’	s
P00782	1yjc	Subtilisin BPN’	s
P00782	7am5	Subtilisin BPN’	s
P00782	1sbi	Subtilisin BPN’	s
P00782	1s02	Subtilisin BPN’	s
P00782	1y3b	Subtilisin BPN’	s
P00782	1sup	Subtilisin BPN’	s
P00782	1tmg	Subtilisin BPN’	s
P00782	1to1	Subtilisin BPN’	s
P00782	1to2	Subtilisin BPN’	s
P00782	1sib	Subtilisin BPN’	s
P00782	1y34	Subtilisin BPN’	s
P00782	3sic	Subtilisin BPN’	s
P00782	1y4a	Subtilisin BPN’	s
P00782	3bgo	Subtilisin BPN’	s
P00782	3co0	Subtilisin BPN’	s
P00782	7am8	Subtilisin BPN’	s
P00782	1y3f	Subtilisin BPN’	s
P00782	2sbt	Subtilisin BPN’	s
P00782	5ox2	Subtilisin BPN’	s
P00782	1lw6	Subtilisin BPN’	s
P00782	1suc	Subtilisin BPN’	s
P00782	1yjb	Subtilisin BPN’	s
P00782	1tm1	Subtilisin BPN’	s
P00782	2st1	Subtilisin BPN’	s
P00782	1y48	Subtilisin BPN’	s
P00782	1y4d	Subtilisin BPN’	s
P00782	1y1k	Subtilisin BPN’	s
P00782	1st2	Subtilisin BPN’	s
P00782	2sni	Subtilisin BPN’	s
P00782	1aqn	Subtilisin BPN’	s
P00782	5sic	Subtilisin BPN’	s
P00782	1gnv	Subtilisin BPN’	s
P00782	1tm7	Subtilisin BPN’	s
P00782	1dui	Subtilisin BPN’	s
P00782	1sbn	Subtilisin BPN’	s
P00782	1s01	Subtilisin BPN’	s
P00782	1ak9	Subtilisin BPN’	s
P00782	1sbh	Subtilisin BPN’	s
P00782	1tm4	Subtilisin BPN’	s
P00782	7am6	Subtilisin BPN’	s
P00782	7am7	Subtilisin BPN’	s
P00782	1yja	Subtilisin BPN’	s
P00782	1ubn	Subtilisin BPN’	s
P00782	1tm3	Subtilisin BPN’	s
P00782	1v5i	Subtilisin BPN’	s
P00782	1sua	Subtilisin BPN’	s
P00782	7am4	Subtilisin BPN’	s
P04629	5kmn	NTRK1	s
P04629	4pmp	NTRK1	s
P04629	6pl2	NTRK1	s
P04629	5kmk	NTRK1	s
P04629	5kml	NTRK1	s
P04629	5h3q	NTRK1	s
P04629	6iqn	NTRK1	s
P04629	1he7	NTRK1	s
P04629	6pmb	NTRK1	s
P04629	2n90	NTRK1	s
P04629	6nsp	NTRK1	s
P04629	2ifg	NTRK1	s
P04629	5jfw	NTRK1	s
P04629	6pme	NTRK1	s
P04629	6dki	NTRK1	s
P04629	7xaf	NTRK1	s
P04629	6dkg	NTRK1	s
P04629	5jfv	NTRK1	s
P04629	1wwa	NTRK1	s
P04629	5jfx	NTRK1	s
P04629	4pmt	NTRK1	s
P04629	5wr7	NTRK1	s
P04629	6dkw	NTRK1	s
P04629	5kmj	NTRK1	s
P04629	4f0i	NTRK1	s
P04629	6j5l	NTRK1	s
P04629	6d22	NTRK1	s
P04629	5kmo	NTRK1	s
P04629	4aoj	NTRK1	s
P04629	4yne	NTRK1	s
P04629	4gt5	NTRK1	s
P04629	6pl1	NTRK1	s
P04629	6d1y	NTRK1	s
P04629	6pl3	NTRK1	s
P04629	6pmc	NTRK1	s
P04629	5i8a	NTRK1	s
P04629	1www	NTRK1	s
P04629	6npt	NTRK1	s
P04629	6dkb	NTRK1	s
P04629	6d1z	NTRK1	s
P04629	5kmi	NTRK1	s
P04629	4pmm	NTRK1	s
P04629	7n3t	NTRK1	s
P04629	6d20	NTRK1	s
P04629	6nss	NTRK1	s
P04629	6pl4	NTRK1	s
P04629	5kvt	NTRK1	s
P04629	5jfs	NTRK1	s
P04629	5kmm	NTRK1	s
P04629	6pma	NTRK1	s
P04629	4yps	NTRK1	s
P04629	4pms	NTRK1	s
P04629	4crp	NTRK1	s
P04629	1shc	NTRK1	s
P04637	6s40	p53	d
P04637	6ff9	p53	d
P04637	5hp0	p53	d
P04637	5hpd	p53	d
P04637	3kmd	p53	d
P04637	3oq5	p53	d
P04637	2foj	p53	d
P04637	6vrn	p53	d
P04637	7eeu	p53	d
P04637	6vqo	p53	d
P04637	4ibw	p53	d
P04637	3lw1	p53	d
P04637	3d09	p53	d
P04637	4fz3	p53	d
P04637	4agm	p53	d
P04637	4agn	p53	d
P04637	2xwr	p53	d
P04637	2bin	p53	d
P04637	2h4h	p53	d
P04637	2j1z	p53	d
P04637	1aie	p53	d
P04637	3dac	p53	d
P04637	6ggf	p53	d
P04637	7b49	p53	d
P04637	6s9q	p53	d
P04637	6rkk	p53	d
P04637	2h1l	p53	d
P04637	2mwp	p53	d
P04637	2j10	p53	d
P04637	1sak	p53	d
P04637	1olg	p53	d
P04637	6rk8	p53	d
P04637	6rm5	p53	d
P04637	6rwi	p53	d
P04637	6ggb	p53	d
P04637	4mzi	p53	d
P04637	4ijt	p53	d
P04637	1jsp	p53	d
P04637	6vrm	p53	d
P04637	7bwn	p53	d
P04637	7b4g	p53	d
P04637	6rl3	p53	d
P04637	6shz	p53	d
P04637	6rws	p53	d
P04637	5mcu	p53	d
P04637	5mcv	p53	d
P04637	2x0w	p53	d
P04637	2z5s	p53	d
P04637	2h2d	p53	d
P04637	2j1y	p53	d
P04637	2biq	p53	d
P04637	2ata	p53	d
P04637	1sal	p53	d
P04637	5a7b	p53	d
P04637	4iby	p53	d
P04637	4ibz	p53	d
P04637	4ago	p53	d
P04637	2ac0	p53	d
P04637	1hs5	p53	d
P04637	6xre	p53	d
P04637	7b4f	p53	d
P04637	6rl4	p53	d
P04637	5aol	p53	d
P04637	4rp7	p53	d
P04637	2v5w	p53	d
P04637	2foo	p53	d
P04637	2l14	p53	d
P04637	1ycr	p53	d
P04637	1ycs	p53	d
P04637	1ma3	p53	d
P04637	7dhz	p53	d
P04637	6rwh	p53	d
P04637	5mf7	p53	d
P04637	5o1i	p53	d
P04637	4ibt	p53	d
P04637	4ibv	p53	d
P04637	4lo9	p53	d
P04637	4ibq	p53	d
P04637	3tg5	p53	d
P04637	2ly4	p53	d
P04637	2b3g	p53	d
P04637	2bip	p53	d
P04637	2ydr	p53	d
P04637	7b4c	p53	d
P04637	7rm4	p53	d
P04637	6si0	p53	d
P04637	5lap	p53	d
P04637	2vuk	p53	d
P04637	2gs0	p53	d
P04637	2h59	p53	d
P04637	5o1h	p53	d
P04637	5g4o	p53	d
P04637	3igk	p53	d
P04637	2j1w	p53	d
P04637	1olh	p53	d
P04637	6znc	p53	d
P04637	3dab	p53	d
P04637	6rkm	p53	d
P04637	6sl6	p53	d
P04637	5moc	p53	d
P04637	4rp6	p53	d
P04637	3ts8	p53	d
P04637	2x0v	p53	d
P04637	6s3c	p53	d
P04637	1c26	p53	d
P04637	7eax	p53	d
P04637	7b4b	p53	d
P04637	7b4d	p53	d
P04637	6w51	p53	d
P04637	6lhd	p53	d
P04637	4x34	p53	d
P04637	3sak	p53	d
P04637	2x0u	p53	d
P04637	5o1b	p53	d
P04637	5g4n	p53	d
P04637	4kvp	p53	d
P04637	4agp	p53	d
P04637	6si3	p53	d
P04637	5ab9	p53	d
P04637	3q06	p53	d
P04637	3d07	p53	d
P04637	2mwy	p53	d
P04637	2mzd	p53	d
P04637	6r5l	p53	d
P04637	6rjz	p53	d
P04637	1a1u	p53	d
P04637	6si2	p53	d
P04637	6si4	p53	d
P04637	6gge	p53	d
P04637	5ol0	p53	d
P04637	5mhc	p53	d
P04637	5hou	p53	d
P04637	5aoj	p53	d
P04637	2mwo	p53	d
P04637	2ady	p53	d
P04637	1xqh	p53	d
P04637	2ocj	p53	d
P04637	2j20	p53	d
P04637	6rm7	p53	d
P04637	6s39	p53	d
P04637	5mcw	p53	d
P04637	5o1a	p53	d
P04637	6si1	p53	d
P04637	5aom	p53	d
P04637	7nmi	p53	d
P04637	7b4a	p53	d
P04637	7b4e	p53	d
P04637	6v4f	p53	d
P04637	5ecg	p53	d
P04637	3q05	p53	d
P04637	3d0a	p53	d
P04637	7b48	p53	d
P04637	7b4h	p53	d
P04637	6slv	p53	d
P04637	6siq	p53	d
P04637	6gga	p53	d
P04637	5un8	p53	d
P04637	5xzc	p53	d
P04637	5o1c	p53	d
P04637	5o1e	p53	d
P04637	5o1f	p53	d
P04637	5g4m	p53	d
P04637	1pes	p53	d
P04637	1pet	p53	d
P04637	2bio	p53	d
P04637	2h4f	p53	d
P04637	6rz3	p53	d
P04637	6ggd	p53	d
P04637	5aoi	p53	d
P04637	4agq	p53	d
P04637	2wgx	p53	d
P04637	2pcx	p53	d
P04637	1kzy	p53	d
P04637	7b46	p53	d
P04637	7dvd	p53	d
P04637	6rx2	p53	d
P04637	6rki	p53	d
P04637	4xr8	p53	d
P04637	5aba	p53	d
P04637	4hje	p53	d
P04637	4buz	p53	d
P04637	4hfz	p53	d
P04637	4mzr	p53	d
P04637	2j0z	p53	d
P04637	3zme	p53	d
P04637	4agl	p53	d
P04637	2mej	p53	d
P04637	1tsr	p53	d
P04637	6vr5	p53	d
P04637	7eds	p53	d
P04637	6sio	p53	d
P04637	6rwu	p53	d
P04637	5mg7	p53	d
P04637	4lof	p53	d
P04637	2j1x	p53	d
P04637	2k8f	p53	d
P04637	1sae	p53	d
P04637	1tup	p53	d
P04637	1gzh	p53	d
P04637	7b4n	p53	d
P04637	6t58	p53	d
P04637	6sip	p53	d
P04637	3d06	p53	d
P04637	2ruk	p53	d
P04637	7el4	p53	d
P04637	1saf	p53	d
P04637	6fj5	p53	d
P04637	5lgy	p53	d
P04637	5mct	p53	d
P04637	5aok	p53	d
P04637	4qo1	p53	d
P04637	3igl	p53	d
P04637	2ybg	p53	d
P04637	7b47	p53	d
P04637	3kz8	p53	d
P04637	3q01	p53	d
P04637	3d08	p53	d
P04637	1yc5	p53	d
P04637	1h26	p53	d
P04637	5o1g	p53	d
P04637	4zzj	p53	d
P04637	4ibu	p53	d
P04637	4loe	p53	d
P04637	5bua	p53	d
P04637	3pdh	p53	d
P04637	2j11	p53	d
P04637	2h2f	p53	d
P04637	6vr1	p53	d
P04637	7dhy	p53	d
P04637	6v4h	p53	d
P04637	6sin	p53	d
P04637	6rl6	p53	d
P04637	6ggc	p53	d
P04637	5o1d	p53	d
P04637	4bv2	p53	d
P04637	4ibs	p53	d
P04637	3d05	p53	d
P04637	2z5t	p53	d
P04637	1ycq	p53	d
P04637	2h4j	p53	d
P04637	2j21	p53	d
P04637	2fej	p53	d
P04637	2bim	p53	d
P04637	2ahi	p53	d
P04637	1uol	p53	d
P05129	2e73	PRKCG	s
P05129	2uzp	PRKCG	s
P06213	6ceb	Insulin receptor	s
P06213	4xlv	Insulin receptor	s
P06213	1ir3	Insulin receptor	s
P06213	2mfr	Insulin receptor	s
P06213	2auh	Insulin receptor	s
P06213	7pg2	Insulin receptor	s
P06213	1p14	Insulin receptor	s
P06213	7pg0	Insulin receptor	s
P06213	7pg4	Insulin receptor	s
P06213	7md5	Insulin receptor	s
P06213	6hn5	Insulin receptor	s
P06213	7mqo	Insulin receptor	s
P06213	6ce7	Insulin receptor	s
P06213	7bw7	Insulin receptor	s
P06213	7mqr	Insulin receptor	s
P06213	6veq	Insulin receptor	s
P06213	5e1s	Insulin receptor	s
P06213	3bu5	Insulin receptor	s
P06213	2b4s	Insulin receptor	s
P06213	1rqq	Insulin receptor	s
P06213	6ce9	Insulin receptor	s
P06213	3ekn	Insulin receptor	s
P06213	6hn4	Insulin receptor	s
P06213	5j3h	Insulin receptor	s
P06213	4oga	Insulin receptor	s
P06213	3w11	Insulin receptor	s
P06213	1i44	Insulin receptor	s
P06213	7md4	Insulin receptor	s
P06213	6sof	Insulin receptor	s
P06213	5u1m	Insulin receptor	s
P06213	4xst	Insulin receptor	s
P06213	6vep	Insulin receptor	s
P06213	7qid	Insulin receptor	s
P06213	7s0q	Insulin receptor	s
P06213	6pxw	Insulin receptor	s
P06213	3w13	Insulin receptor	s
P06213	4xss	Insulin receptor	s
P06213	7bw8	Insulin receptor	s
P06213	7kd6	Insulin receptor	s
P06213	3bu3	Insulin receptor	s
P06213	3ekk	Insulin receptor	s
P06213	2z8c	Insulin receptor	s
P06213	3w12	Insulin receptor	s
P06213	3eta	Insulin receptor	s
P06213	2hr7	Insulin receptor	s
P06213	5hhw	Insulin receptor	s
P06213	7pg3	Insulin receptor	s
P06213	7bwa	Insulin receptor	s
P06213	7s8v	Insulin receptor	s
P06213	3bu6	Insulin receptor	s
P06213	1gag	Insulin receptor	s
P06213	6pxv	Insulin receptor	s
P06213	4zxb	Insulin receptor	s
P06213	5kqv	Insulin receptor	s
P06213	4ibm	Insulin receptor	s
P06213	1irk	Insulin receptor	s
P06401	3zr7	PR-A	d
P06401	4apu	PR-A	d
P06401	1a28	PR-A	d
P06401	1zuc	PR-A	d
P06401	2c7a	PR-A	d
P06401	1sqn	PR-A	d
P06401	4oar	PR-A	d
P06401	2ovm	PR-A	d
P06401	4a2j	PR-A	d
P06401	2ovh	PR-A	d
P06401	1sr7	PR-A	d
P06401	2w8y	PR-A	d
P06401	3d90	PR-A	d
P06401	3zra	PR-A	d
P06401	3g8o	PR-A	d
P06401	3zrb	PR-A	d
P06401	5cc0	PR-A	d
P06401	3hq5	PR-A	d
P06401	1e3k	PR-A	d
P06401	3kba	PR-A	d
P06782	3tdh	SNF1	d
P06782	2fh9	SNF1	d
P06782	3mn3	SNF1	d
P06782	3te5	SNF1	d
P06782	3hyh	SNF1	d
P06782	3t4n	SNF1	d
P06782	3dae	SNF1	d
P06782	2qlv	SNF1	d
P08191	1uwf	FimH	s
P08191	1qun	FimH	s
P08191	6g2s	FimH	s
P08191	4xob	FimH	s
P08191	5abz	FimH	s
P08191	3rfz	FimH	s
P08191	5mts	FimH	s
P08191	6gtx	FimH	s
P08191	6e15	FimH	s
P08191	4xo9	FimH	s
P08191	4css	FimH	s
P08191	5muc	FimH	s
P08191	5fx3	FimH	s
P08191	5f2f	FimH	s
P08191	5fs5	FimH	s
P08191	5l4t	FimH	s
P08191	1ze3	FimH	s
P08191	6e14	FimH	s
P08191	4xoa	FimH	s
P08191	4x5p	FimH	s
P08191	4x5r	FimH	s
P08191	4lov	FimH	s
P08191	6yhw	FimH	s
P08191	6g2r	FimH	s
P08191	5l4v	FimH	s
P08191	5cgb	FimH	s
P08191	4auy	FimH	s
P08191	4avk	FimH	s
P08191	2vco	FimH	s
P08191	4xod	FimH	s
P08191	5l4w	FimH	s
P08191	5l4y	FimH	s
P08191	4x5q	FimH	s
P08191	4j3o	FimH	s
P08191	1kiu	FimH	s
P08191	4att	FimH	s
P08191	5jcq	FimH	s
P08191	5jcr	FimH	s
P08191	4xo8	FimH	s
P08191	6gty	FimH	s
P08191	5l4x	FimH	s
P08191	5mca	FimH	s
P08191	4av5	FimH	s
P08191	4avi	FimH	s
P08191	4avj	FimH	s
P08191	1klf	FimH	s
P08191	4av0	FimH	s
P08191	4avh	FimH	s
P08191	3zl2	FimH	s
P08191	1tr7	FimH	s
P08191	4cst	FimH	s
P08191	4av4	FimH	s
P08191	7ayn	FimH	s
P08191	4x50	FimH	s
P08191	5f3f	FimH	s
P08191	4auj	FimH	s
P08191	4auu	FimH	s
P08191	5fwr	FimH	s
P08191	3zl1	FimH	s
P08191	5l4u	FimH	s
P10644	5kjy	TSE1	d
P10644	5kjz	TSE1	d
P10644	5kjx	TSE1	d
P10721	1t45	c-Kit	s
P10721	7khj	c-Kit	s
P10721	3g0e	c-Kit	s
P10721	6xva	c-Kit	s
P10721	1pkg	c-Kit	s
P10721	2vif	c-Kit	s
P10721	7khg	c-Kit	s
P10721	6gqm	c-Kit	s
P10721	6gqk	c-Kit	s
P10721	4k9e	c-Kit	s
P10721	3g0f	c-Kit	s
P10721	6xv9	c-Kit	s
P10721	7khk	c-Kit	s
P10721	2iuh	c-Kit	s
P10721	4k94	c-Kit	s
P10721	6itt	c-Kit	s
P10721	6kla	c-Kit	s
P10721	6mob	c-Kit	s
P10721	6gqj	c-Kit	s
P10721	6itv	c-Kit	s
P10721	6gql	c-Kit	s
P10721	4hvs	c-Kit	s
P10721	2e9w	c-Kit	s
P10721	4pgz	c-Kit	s
P10721	6xvb	c-Kit	s
P10721	2ec8	c-Kit	s
P10721	1t46	c-Kit	s
P10721	6hh1	c-Kit	s
P10721	4u0i	c-Kit	s
P11142	5aqo	HSPA8	s
P11142	4h5r	HSPA8	s
P11142	6b1m	HSPA8	s
P11142	6zyj	HSPA8	s
P11142	4h5w	HSPA8	s
P11142	5aqk	HSPA8	s
P11142	3fzl	HSPA8	s
P11142	3fzm	HSPA8	s
P11142	5aqn	HSPA8	s
P11142	4kbq	HSPA8	s
P11142	5aqt	HSPA8	s
P11142	3agz	HSPA8	s
P11142	6b1i	HSPA8	s
P11142	3esk	HSPA8	s
P11142	5aqg	HSPA8	s
P11142	5aql	HSPA8	s
P11142	5aqr	HSPA8	s
P11142	5aqs	HSPA8	s
P11142	5aqv	HSPA8	s
P11142	3fzh	HSPA8	s
P11142	5aqj	HSPA8	s
P11142	5aqq	HSPA8	s
P11142	4h5n	HSPA8	s
P11142	3m3z	HSPA8	s
P11142	3agy	HSPA8	s
P11142	3fzf	HSPA8	s
P11142	4hwi	HSPA8	s
P11142	5aqi	HSPA8	s
P11142	5aqm	HSPA8	s
P11142	5aqf	HSPA8	s
P11142	5aqp	HSPA8	s
P11142	3fzk	HSPA8	s
P11142	4h5v	HSPA8	s
P11142	6b1n	HSPA8	s
P11142	5aqu	HSPA8	s
P11142	4h5t	HSPA8	s
P11142	3ldq	HSPA8	s
P11142	5aqh	HSPA8	s
P11308	6vgg	Erg	d
P11308	4iri	Erg	d
P11308	4irh	Erg	d
P11308	4irg	Erg	d
P11308	1sxe	Erg	d
P11308	6vge	Erg	d
P11308	5ybd	Erg	d
P11308	5ybc	Erg	d
P11799	1qs7	MLCK	s
P11799	3sg4	MLCK	s
P11799	3ek8	MLCK	s
P11799	3ekj	MLCK	s
P11799	3sg5	MLCK	s
P11799	3sg7	MLCK	s
P11799	3ekh	MLCK	s
P11799	2o5g	MLCK	s
P11799	3o78	MLCK	s
P11799	3evv	MLCK	s
P11799	2k0f	MLCK	s
P11799	1qtx	MLCK	s
P11799	3ek7	MLCK	s
P11799	3sg6	MLCK	s
P11799	1vrk	MLCK	s
P11799	3wld	MLCK	s
P11799	3sg2	MLCK	s
P11799	1cdl	MLCK	s
P11799	3evr	MLCK	s
P11799	3evu	MLCK	s
P11799	3o77	MLCK	s
P11799	4oy4	MLCK	s
P11799	3sg3	MLCK	s
P11799	3wlc	MLCK	s
P12003	1qkr	Vinculin	s
P12003	1zw2	Vinculin	s
P12003	1zvz	Vinculin	s
P12003	4e17	Vinculin	s
P12003	1zw3	Vinculin	s
P12003	1u6h	Vinculin	s
P12003	4e18	Vinculin	s
P12003	1st6	Vinculin	s
P12003	3zdl	Vinculin	s
P12003	1t01	Vinculin	s
P12003	1xwj	Vinculin	s
P12003	2gdc	Vinculin	s
P12003	6nr7	Vinculin	s
P12003	3jbi	Vinculin	s
P12003	6fq4	Vinculin	s
P12814	2n8z	α-actinin-1	s
P12814	2eyi	α-actinin-1	s
P12814	2eyn	α-actinin-1	s
P12814	2n8y	α-actinin-1	s
P13864	6w8v	DNMT1	d
P13864	3av6	DNMT1	d
P13864	5guv	DNMT1	d
P13864	3av5	DNMT1	d
P13864	4da4	DNMT1	d
P13864	6w8w	DNMT1	d
P13864	3av4	DNMT1	d
P13864	5wy1	DNMT1	d
P13864	3pt9	DNMT1	d
P13864	5gut	DNMT1	d
P13864	3pt6	DNMT1	d
P14598	1uec	NCF-1	d
P14598	1ng2	NCF-1	d
P14598	1gd5	NCF-1	d
P14598	1o7k	NCF-1	d
P14598	1w70	NCF-1	d
P14598	1k4u	NCF-1	d
P14598	1kq6	NCF-1	d
P14598	1wlp	NCF-1	d
P14598	7yxw	NCF-1	d
P14598	1ov3	NCF-1	d
P14633	1na6	EcoRII	s
P14633	3hqg	EcoRII	s
P15336	1bhi	ATF-2	d
P15336	6zr5	ATF-2	d
P15336	6zqs	ATF-2	d
P15336	1t2k	ATF-2	d
P15336	4h36	ATF-2	d
P15498	6new	Vav1	d
P15498	3bji	Vav1	d
P15498	2crh	Vav1	d
P15498	3ky9	Vav1	d
P15498	6nfa	Vav1	d
P15498	6nf1	Vav1	d
P15498	2mc1	Vav1	d
P15498	2ror	Vav1	d
P15498	2lct	Vav1	d
P17210	2y65	Kinesin-1	d
P17210	5jvu	Kinesin-1	d
P17210	7bjs	Kinesin-1	d
P17210	5jvr	Kinesin-1	d
P17210	2y5w	Kinesin-1	d
P17210	5jvs	Kinesin-1	d
P17606	7mdh	NADP-MDH	s
P17948	5t89	VEGFR1	d
P17948	4cl7	VEGFR1	d
P17948	1rv6	VEGFR1	d
P17948	1qsv	VEGFR1	d
P17948	5abd	VEGFR1	d
P17948	5ex3	VEGFR1	d
P17948	3hng	VEGFR1	d
P17948	1qsz	VEGFR1	d
P17948	1qty	VEGFR1	d
P17948	4ckv	VEGFR1	d
P17948	1flt	VEGFR1	d
P17948	2xac	VEGFR1	d
P19174	4fbn	PLC γ1	s
P19174	4ey0	PLC γ1	s
P19174	2hsp	PLC γ1	s
P19174	1hsq	PLC γ1	s
P19174	7nxe	PLC γ1	s
P19419	1dux	Elk-1	d
P19419	5vvt	Elk-1	d
P20226	7eg8	TBP	d
P20226	6o9l	TBP	d
P20226	7edx	TBP	d
P20226	7ege	TBP	d
P20226	7eg9	TBP	d
P20226	7eg7	TBP	d
P20226	7nvs	TBP	d
P20226	5iya	TBP	d
P20226	7enc	TBP	d
P20226	7nw0	TBP	d
P20226	7egj	TBP	d
P20226	5iyb	TBP	d
P20226	4roc	TBP	d
P20226	1c9b	TBP	d
P20226	7nvy	TBP	d
P20226	7nvt	TBP	d
P20226	5iy9	TBP	d
P20226	5fur	TBP	d
P20226	7ena	TBP	d
P20226	7egf	TBP	d
P20226	7egb	TBP	d
P20226	7egd	TBP	d
P20226	1cdw	TBP	d
P20226	1tgh	TBP	d
P20226	1jfi	TBP	d
P20226	5iy7	TBP	d
P20226	5n9g	TBP	d
P20226	1nvp	TBP	d
P20226	7nvu	TBP	d
P20226	4rod	TBP	d
P20226	4roe	TBP	d
P20226	7egc	TBP	d
P20226	5iy8	TBP	d
P20226	5iyc	TBP	d
P20226	6mzm	TBP	d
P20226	7egi	TBP	d
P20226	7nvz	TBP	d
P20226	7lbm	TBP	d
P20226	7nvr	TBP	d
P20226	5iyd	TBP	d
P20226	7ega	TBP	d
P20226	6mzd	TBP	d
P20226	5iy6	TBP	d
P20226	6mzl	TBP	d
P22607	2lzl	FGFR3	d
P22607	6lvm	FGFR3	d
P22607	6pnx	FGFR3	d
P22607	4k33	FGFR3	d
P22607	7dhl	FGFR3	d
P22607	1ry7	FGFR3	d
P22681	4a4c	Cbl	s
P22681	5o76	Cbl	s
P22681	3bux	Cbl	s
P22681	6o03	Cbl	s
P22681	3bum	Cbl	s
P22681	5hkz	Cbl	s
P22681	3buw	Cbl	s
P22681	2y1n	Cbl	s
P22681	1fbv	Cbl	s
P22681	6o02	Cbl	s
P22681	5hl0	Cbl	s
P22681	1yvh	Cbl	s
P22681	4a49	Cbl	s
P22681	2y1m	Cbl	s
P22681	3bun	Cbl	s
P22681	3buo	Cbl	s
P22681	2juj	Cbl	s
P22681	1b47	Cbl	s
P22681	2oo9	Cbl	s
P22681	5hkw	Cbl	s
P22681	4a4b	Cbl	s
P22681	3plf	Cbl	s
P22681	5hkx	Cbl	s
P22681	2cbl	Cbl	s
P22681	4gpl	Cbl	s
P22681	5j3x	Cbl	s
P22681	6xar	Cbl	s
P22681	2k4d	Cbl	s
P22681	3ob1	Cbl	s
P22681	3ob2	Cbl	s
P22681	5hky	Cbl	s
P26038	6txq	Moesin	d
P26038	1ef1	Moesin	d
P26038	1sgh	Moesin	d
P26038	6txs	Moesin	d
P26038	1e5w	Moesin	d
P26663	3bsc	NS3	s
P26663	2wcx	NS3	s
P26663	2who	NS3	s
P26663	3frz	NS3	s
P26663	4kai	NS3	s
P26663	5fpt	NS3	s
P26663	2brk	NS3	s
P26663	4mia	NS3	s
P26663	1gx6	NS3	s
P26663	4ih6	NS3	s
P26663	3rvb	NS3	s
P26663	3ciz	NS3	s
P26663	4b71	NS3	s
P26663	3cj5	NS3	s
P26663	3cwj	NS3	s
P26663	4b75	NS3	s
P26663	2awz	NS3	s
P26663	4b73	NS3	s
P26663	3h2l	NS3	s
P26663	3e51	NS3	s
P26663	4kbi	NS3	s
P26663	4mk8	NS3	s
P26663	4mkb	NS3	s
P26663	5w2e	NS3	s
P26663	2jc1	NS3	s
P26663	4k8b	NS3	s
P26663	3vqs	NS3	s
P26663	4ke5	NS3	s
P26663	2o5d	NS3	s
P26663	3cj0	NS3	s
P26663	4dgy	NS3	s
P26663	4wxp	NS3	s
P26663	1nhv	NS3	s
P26663	2dxs	NS3	s
P26663	2ax1	NS3	s
P26663	3co9	NS3	s
P26663	4kb7	NS3	s
P26663	4mka	NS3	s
P26663	1jxp	NS3	s
P26663	2jc0	NS3	s
P26663	1os5	NS3	s
P26663	2i1r	NS3	s
P26663	4mib	NS3	s
P26663	4mk9	NS3	s
P26663	1csj	NS3	s
P26663	3cde	NS3	s
P26663	6mvp	NS3	s
P26663	2xwy	NS3	s
P26663	3ua7	NS3	s
P26663	8ohm	NS3	s
P26663	3cvk	NS3	s
P26663	3g86	NS3	s
P26663	3udl	NS3	s
P26663	1bt7	NS3	s
P26663	2hwi	NS3	s
P26663	3mf5	NS3	s
P26663	2zku	NS3	s
P26663	4b6e	NS3	s
P26663	4b6f	NS3	s
P26663	5fpy	NS3	s
P26663	1ns3	NS3	s
P26663	3gyn	NS3	s
P26663	3h98	NS3	s
P26663	4mk7	NS3	s
P26663	1nhu	NS3	s
P26663	2brl	NS3	s
P26663	3igv	NS3	s
P26663	3br9	NS3	s
P26663	4ih7	NS3	s
P26663	4eo8	NS3	s
P26663	4ih5	NS3	s
P26663	5fps	NS3	s
P26663	1gx5	NS3	s
P26663	2giq	NS3	s
P26663	3cj2	NS3	s
P26663	3d28	NS3	s
P26663	1cu1	NS3	s
P26663	4b74	NS3	s
P26663	3d5m	NS3	s
P26663	4dgv	NS3	s
P26663	3bsa	NS3	s
P26663	3cj3	NS3	s
P26663	3h59	NS3	s
P26663	3h5s	NS3	s
P26663	4eo6	NS3	s
P26663	1a1q	NS3	s
P26663	2gir	NS3	s
P26663	2ax0	NS3	s
P26663	2wrm	NS3	s
P26663	4a92	NS3	s
P26663	1c2p	NS3	s
P26663	1quv	NS3	s
P26663	2hwh	NS3	s
P26663	4b76	NS3	s
P26663	5kzp	NS3	s
P26663	6w4g	NS3	s
P26663	3fqk	NS3	s
P26663	3h5u	NS3	s
P26663	3cj4	NS3	s
P26663	4tn2	NS3	s
P27577	1mdm	Ets-1	d
P27577	1k7a	Ets-1	d
P27577	6dat	Ets-1	d
P27577	2jv3	Ets-1	d
P27577	1md0	Ets-1	d
P27577	1k79	Ets-1	d
P27577	1r36	Ets-1	d
P27577	6da1	Ets-1	d
P27577	1k78	Ets-1	d
P27577	2kmd	Ets-1	d
P28324	1k6o	Sap-1a	d
P28324	1hbx	Sap-1a	d
P28324	1bc7	Sap-1a	d
P28324	1bc8	Sap-1a	d
P28829	1i35	Byr2	d
P28829	1k8r	Byr2	d
P29323	1b4f	EPHB2	s
P29323	3zfm	EPHB2	s
P29323	1f0m	EPHB2	s
P29323	2qbx	EPHB2	s
P29475	6nge	nNOS	s
P29475	6ng8	nNOS	s
P29475	5fvx	nNOS	s
P29475	6av5	nNOS	s
P29475	6pnb	nNOS	s
P29475	6po9	nNOS	s
P29475	6nhb	nNOS	s
P29475	6av3	nNOS	s
P29475	5vv0	nNOS	s
P29475	6pnd	nNOS	s
P29475	5vuy	nNOS	s
P29475	6poa	nNOS	s
P29475	6pob	nNOS	s
P29475	6ngh	nNOS	s
P29475	6ng5	nNOS	s
P29475	6ng1	nNOS	s
P29475	5fvw	nNOS	s
P29475	5uo5	nNOS	s
P29475	6nhc	nNOS	s
P29475	6auz	nNOS	s
P29475	5uo2	nNOS	s
P29475	6po7	nNOS	s
P29475	6cic	nNOS	s
P29475	5vuw	nNOS	s
P29475	5vuz	nNOS	s
P29475	4uh5	nNOS	s
P29475	5fvv	nNOS	s
P29475	6po8	nNOS	s
P29475	5vuv	nNOS	s
P29475	5vux	nNOS	s
P29475	5vv2	nNOS	s
P29475	5vv4	nNOS	s
P29475	6ngi	nNOS	s
P29475	6pnh	nNOS	s
P29475	6pnf	nNOS	s
P29475	6po5	nNOS	s
P29475	5adf	nNOS	s
P29475	6ngc	nNOS	s
P29475	5fvu	nNOS	s
P29475	5uo1	nNOS	s
P29475	5uo6	nNOS	s
P29475	5uo7	nNOS	s
P29475	6av0	nNOS	s
P29475	6av2	nNOS	s
P29475	6av4	nNOS	s
P29475	6pnc	nNOS	s
P29475	6pne	nNOS	s
P29475	6nga	nNOS	s
P29475	5adi	nNOS	s
P29475	6pna	nNOS	s
P29475	4d1n	nNOS	s
P29475	5vv1	nNOS	s
P29475	6ng7	nNOS	s
P29475	6ngd	nNOS	s
P29475	6png	nNOS	s
P29475	5vv5	nNOS	s
P29475	6poc	nNOS	s
P29475	6ng4	nNOS	s
P29475	6ng6	nNOS	s
P29475	4uh6	nNOS	s
P29475	6av1	nNOS	s
P29475	6ngb	nNOS	s
P29475	6cid	nNOS	s
P29475	6pot	nNOS	s
P29475	6ngf	nNOS	s
P29475	5uo4	nNOS	s
P29475	4v3u	nNOS	s
P29475	6ng2	nNOS	s
P29475	5uo3	nNOS	s
P29475	5adg	nNOS	s
P29475	6auy	nNOS	s
P29475	4uch	nNOS	s
P29475	5vv3	nNOS	s
P31007	4rp4	Dlg1	s
P31007	4rp3	Dlg1	s
P31007	3tvt	Dlg1	s
P31007	4rp5	Dlg1	s
P31751	1mry	AKT2	d
P31751	1o6l	AKT2	d
P31751	2jdr	AKT2	d
P31751	3e8d	AKT2	d
P31751	2x39	AKT2	d
P31751	1mrv	AKT2	d
P31751	1gzk	AKT2	d
P31751	1p6s	AKT2	d
P31751	2xh5	AKT2	d
P31751	1gzo	AKT2	d
P31751	2uw9	AKT2	d
P31751	3e87	AKT2	d
P31751	2jdo	AKT2	d
P31751	1o6k	AKT2	d
P31751	1gzn	AKT2	d
P31751	3e88	AKT2	d
P31751	3d0e	AKT2	d
P32527	7x3k	Zuotin	d
P32527	7x34	Zuotin	d
P32527	5dje	Zuotin	d
P32527	2lwx	Zuotin	d
P32851	5cci	Syntaxin-1A	d
P32851	5kj8	Syntaxin-1A	d
P32851	6mti	Syntaxin-1A	d
P32851	3j96	Syntaxin-1A	d
P32851	7udb	Syntaxin-1A	d
P32851	2n1t	Syntaxin-1A	d
P32851	4jeu	Syntaxin-1A	d
P32851	5w5c	Syntaxin-1A	d
P32851	1hvv	Syntaxin-1A	d
P32851	1jth	Syntaxin-1A	d
P32851	3rk3	Syntaxin-1A	d
P32851	6mdn	Syntaxin-1A	d
P32851	5w5d	Syntaxin-1A	d
P32851	1br0	Syntaxin-1A	d
P32851	6mdm	Syntaxin-1A	d
P32851	2m8r	Syntaxin-1A	d
P32851	7udc	Syntaxin-1A	d
P32851	1sfc	Syntaxin-1A	d
P32851	1kil	Syntaxin-1A	d
P32851	3j98	Syntaxin-1A	d
P32851	3j99	Syntaxin-1A	d
P32851	3c98	Syntaxin-1A	d
P32851	1ez3	Syntaxin-1A	d
P32851	1urq	Syntaxin-1A	d
P32851	3j97	Syntaxin-1A	d
P32851	6wvw	Syntaxin-1A	d
P32851	5ccg	Syntaxin-1A	d
P32851	5cch	Syntaxin-1A	d
P32851	3ipd	Syntaxin-1A	d
P32851	5kj7	Syntaxin-1A	d
P32851	3rk2	Syntaxin-1A	d
P32851	3rl0	Syntaxin-1A	d
P32851	4jeh	Syntaxin-1A	d
P32851	6ip1	Syntaxin-1A	d
P32851	1n7s	Syntaxin-1A	d
P32851	3hd7	Syntaxin-1A	d
P32917	2kgn	Ste5	s
P32917	3fze	Ste5	s
P32917	4f2h	Ste5	s
P32917	2l4u	Ste5	s
P33339	6yj6	TFCIIIC-131	d
P33339	5aio	TFCIIIC-131	d
P33339	5aem	TFCIIIC-131	d
P35520	4l3v	CBS	s
P35520	4l27	CBS	s
P35520	1jbq	CBS	s
P35520	1m54	CBS	s
P35520	4l28	CBS	s
P35520	4uuu	CBS	s
P35520	4coo	CBS	s
P35520	4l0d	CBS	s
P35520	4pcu	CBS	s
P35520	5mms	CBS	s
P35916	4bsk	VEGFR3	d
P35916	4bsj	VEGFR3	d
P35968	3efl	VEGFR2	d
P35968	4ag8	VEGFR2	d
P35968	5oyj	VEGFR2	d
P35968	6gqo	VEGFR2	d
P35968	1y6b	VEGFR2	d
P35968	3be2	VEGFR2	d
P35968	1ywn	VEGFR2	d
P35968	2m59	VEGFR2	d
P35968	3c7q	VEGFR2	d
P35968	2oh4	VEGFR2	d
P35968	4agd	VEGFR2	d
P35968	3b8q	VEGFR2	d
P35968	6gqq	VEGFR2	d
P35968	2qu5	VEGFR2	d
P35968	2xir	VEGFR2	d
P35968	2x1x	VEGFR2	d
P35968	4ase	VEGFR2	d
P35968	5ew3	VEGFR2	d
P35968	3cp9	VEGFR2	d
P35968	6xvk	VEGFR2	d
P35968	6xvj	VEGFR2	d
P35968	3s35	VEGFR2	d
P35968	2rl5	VEGFR2	d
P35968	3cjf	VEGFR2	d
P35968	3b8r	VEGFR2	d
P35968	6gqp	VEGFR2	d
P35968	1y6a	VEGFR2	d
P35968	3vhk	VEGFR2	d
P35968	3s36	VEGFR2	d
P35968	3s37	VEGFR2	d
P35968	3vhe	VEGFR2	d
P35968	3ewh	VEGFR2	d
P35968	3vid	VEGFR2	d
P35968	3cpc	VEGFR2	d
P35968	3dtw	VEGFR2	d
P35968	2x1w	VEGFR2	d
P35968	3u6j	VEGFR2	d
P35968	4agc	VEGFR2	d
P35968	3cpb	VEGFR2	d
P35968	3wze	VEGFR2	d
P35968	3v6b	VEGFR2	d
P35968	1vr2	VEGFR2	d
P35968	2meu	VEGFR2	d
P35968	3v2a	VEGFR2	d
P35968	3cjg	VEGFR2	d
P35968	2p2i	VEGFR2	d
P35968	3vo3	VEGFR2	d
P35968	3kvq	VEGFR2	d
P35968	2met	VEGFR2	d
P35968	2p2h	VEGFR2	d
P35968	4asd	VEGFR2	d
P35968	3vnt	VEGFR2	d
P35968	3wzd	VEGFR2	d
P35968	2qu6	VEGFR2	d
P36888	3qs9	FLT3	s
P36888	6il3	FLT3	s
P36888	6jqr	FLT3	s
P36888	3qs7	FLT3	s
P36888	4xuf	FLT3	s
P36888	1rjb	FLT3	s
P36888	5x02	FLT3	s
P36888	4rt7	FLT3	s
P36956	1am9	SREBP1	s
P41743	1wmh	nPKC-iota	s
P41743	3a8w	nPKC-iota	s
P41743	5li9	nPKC-iota	s
P41743	1zrz	nPKC-iota	s
P41743	1vd2	nPKC-iota	s
P41743	5li1	nPKC-iota	s
P41743	5lih	nPKC-iota	s
P41743	3zh8	nPKC-iota	s
P41743	3a8x	nPKC-iota	s
P41743	6ilz	nPKC-iota	s
P42768	2k42	WASP	d
P42768	2a3z	WASP	d
P42768	1cee	WASP	d
P42768	2ot0	WASP	d
P42768	1t84	WASP	d
P42768	1ej5	WASP	d
P43403	4k2r	ZAP-70	d
P43403	1m61	ZAP-70	d
P43403	2cbl	ZAP-70	d
P43403	2ozo	ZAP-70	d
P43403	3zni	ZAP-70	d
P43403	5o76	ZAP-70	d
P43403	2y1n	ZAP-70	d
P43403	4xz0	ZAP-70	d
P43403	1u59	ZAP-70	d
P43403	4a4c	ZAP-70	d
P43403	2oq1	ZAP-70	d
P43403	4a4b	ZAP-70	d
P43403	4xz1	ZAP-70	d
P43403	1fbv	ZAP-70	d
P46108	6atv	p38	s
P46108	2eyz	p38	s
P46108	2eyx	p38	s
P46108	2ms4	p38	s
P46108	5ul6	p38	s
P46108	2eyy	p38	s
P46108	2dvj	p38	s
P46108	2eyv	p38	s
P46108	2eyw	p38	s
P46108	1ju5	p38	s
P49674	4hok	CKIε	d
P49674	4hni	CKIε	d
P50586	1i7e	tubby 	s
P50586	1c8z	tubby 	s
P52293	1ejl	Importin α P1	d
P52293	5fc8	Importin α P1	d
P52293	4u58	Importin α P1	d
P52293	4u5u	Importin α P1	d
P52293	3ziq	Importin α P1	d
P52293	3tpo	Importin α P1	d
P52293	3ukx	Importin α P1	d
P52293	3ukz	Importin α P1	d
P52293	2c1m	Importin α P1	d
P52293	6p6a	Importin α P1	d
P52293	5v5o	Importin α P1	d
P52293	5wun	Importin α P1	d
P52293	4u5s	Importin α P1	d
P52293	4htv	Importin α P1	d
P52293	3oqs	Importin α P1	d
P52293	3knd	Importin α P1	d
P52293	3tpm	Importin α P1	d
P52293	3zio	Importin α P1	d
P52293	6iua	Importin α P1	d
P52293	1y2a	Importin α P1	d
P52293	1ial	Importin α P1	d
P52293	5huw	Importin α P1	d
P52293	3ve6	Importin α P1	d
P52293	6iwa	Importin α P1	d
P52293	5w41	Importin α P1	d
P52293	5w4e	Importin α P1	d
P52293	7l04	Importin α P1	d
P52293	7rg2	Importin α P1	d
P52293	5gxw	Importin α P1	d
P52293	3zip	Importin α P1	d
P52293	3q5u	Importin α P1	d
P52293	3btr	Importin α P1	d
P52293	7let	Importin α P1	d
P52293	5hhg	Importin α P1	d
P52293	5ekf	Importin α P1	d
P52293	5ekg	Importin α P1	d
P52293	3ukw	Importin α P1	d
P52293	7jjm	Importin α P1	d
P52293	7jvo	Importin α P1	d
P52293	6wbb	Importin α P1	d
P52293	6bvt	Importin α P1	d
P52293	4mz5	Importin α P1	d
P52293	7leq	Importin α P1	d
P52293	7rg0	Importin α P1	d
P52293	6mjl	Importin α P1	d
P52293	6bw1	Importin α P1	d
P52293	3ul0	Importin α P1	d
P52293	6iu7	Importin α P1	d
P52293	3uvu	Importin α P1	d
P52293	6iw8	Importin α P1	d
P52293	5w4f	Importin α P1	d
P52293	4oih	Importin α P1	d
P52293	7rg6	Importin α P1	d
P52293	4zdu	Importin α P1	d
P52293	6d7m	Importin α P1	d
P52293	7rfz	Importin α P1	d
P52293	7rg4	Importin α P1	d
P52293	3zir	Importin α P1	d
P52293	1iq1	Importin α P1	d
P52293	5d5k	Importin α P1	d
P52293	1q1s	Importin α P1	d
P52293	1ejy	Importin α P1	d
P52293	4u5n	Importin α P1	d
P52293	6k06	Importin α P1	d
P52293	5w4g	Importin α P1	d
P52293	6wbc	Importin α P1	d
P52293	2ynr	Importin α P1	d
P52293	7jk7	Importin α P1	d
P52293	5e6q	Importin α P1	d
P52293	6wba	Importin α P1	d
P52293	4u54	Importin α P1	d
P52293	4uaf	Importin α P1	d
P52293	4ba3	Importin α P1	d
P52293	5u5r	Importin α P1	d
P52293	7rg3	Importin α P1	d
P52293	7m60	Importin α P1	d
P52293	1q1t	Importin α P1	d
P52293	4u5v	Importin α P1	d
P52293	3rzx	Importin α P1	d
P52293	5x8n	Importin α P1	d
P52293	7rg1	Importin α P1	d
P52293	3zin	Importin α P1	d
P52293	1pjn	Importin α P1	d
P52293	7rfx	Importin α P1	d
P52293	6bw0	Importin α P1	d
P52293	3ul1	Importin α P1	d
P52293	6p6e	Importin α P1	d
P52293	1pjm	Importin α P1	d
P52293	5v5p	Importin α P1	d
P52293	5b56	Importin α P1	d
P52293	5ctt	Importin α P1	d
P52293	3uky	Importin α P1	d
P52293	3rz9	Importin α P1	d
P52293	5wum	Importin α P1	d
P52293	5svz	Importin α P1	d
P52293	5k9s	Importin α P1	d
P52293	5klt	Importin α P1	d
P52293	5klr	Importin α P1	d
P52293	4yi0	Importin α P1	d
P52293	4u5o	Importin α P1	d
P52293	4mz6	Importin α P1	d
P52293	6d7n	Importin α P1	d
P52293	5u5p	Importin α P1	d
P52293	3l3q	Importin α P1	d
P52293	6wx7	Importin α P1	d
P52293	5umz	Importin α P1	d
P52293	5huy	Importin α P1	d
P52293	4u5l	Importin α P1	d
P52293	7leu	Importin α P1	d
P53041	3h66	PPP5C	s
P53041	5ui1	PPP5C	s
P53041	3h62	PPP5C	s
P53041	1s95	PPP5C	s
P53041	3h60	PPP5C	s
P53041	5hpe	PPP5C	s
P53041	1wao	PPP5C	s
P53041	3h63	PPP5C	s
P53041	4zvz	PPP5C	s
P53041	3h61	PPP5C	s
P53041	3h69	PPP5C	s
P53041	5wg8	PPP5C	s
P53041	3h68	PPP5C	s
P53041	3h67	PPP5C	s
P53041	4zx2	PPP5C	s
P53041	2bug	PPP5C	s
P53041	3h64	PPP5C	s
P53041	1a17	PPP5C	s
P55957	5c3f	Bid	s
P55957	5ajj	Bid	s
P55957	2m5b	Bid	s
P55957	4zig	Bid	s
P55957	7m5a	Bid	s
P55957	2bid	Bid	s
P55957	7m5b	Bid	s
P55957	1zy3	Bid	s
P55957	4zii	Bid	s
P55957	2kbw	Bid	s
P55957	4bd2	Bid	s
P55957	2m5i	Bid	s
P55957	4zeq	Bid	s
P55957	4qve	Bid	s
P63328	4orb	PPP3CA	d
P70208	3ig3	PlxA3	s
P78545	2e8p	ELF3	s
P97360	2lf8	TEL	d
P97360	2lf7	TEL	d
P97360	4mhg	TEL	d
P97360	2md5	TEL	d
Q00422	2juo	GABP subunit α	s
Q00422	1awc	GABP subunit α	s
Q00422	1sxd	GABP subunit α	s
Q00722	2zkm	PLC-β2	d
Q00722	2fju	PLC-β2	d
Q00944	4d4s	FAK1	s
Q00944	2j0m	FAK1	s
Q00944	2jkq	FAK1	s
Q00944	4c7t	FAK1	s
Q00944	4d4r	FAK1	s
Q00944	4d58	FAK1	s
Q00944	4d5h	FAK1	s
Q00944	4cye	FAK1	s
Q00944	4d4v	FAK1	s
Q00944	2l6f	FAK1	s
Q00944	2jkm	FAK1	s
Q00944	2j0k	FAK1	s
Q00944	4d55	FAK1	s
Q00944	2l6h	FAK1	s
Q00944	6gcx	FAK1	s
Q00944	2j0l	FAK1	s
Q00944	3zdt	FAK1	s
Q00944	6gcw	FAK1	s
Q00944	2jko	FAK1	s
Q00944	2jkk	FAK1	s
Q00944	2aeh	FAK1	s
Q00944	2al6	FAK1	s
Q00944	1pv3	FAK1	s
Q00944	2l6g	FAK1	s
Q00944	6ty3	FAK1	s
Q00944	6ty4	FAK1	s
Q00944	2j0j	FAK1	s
Q00944	1ktm	FAK1	s
Q00944	1qvx	FAK1	s
Q00944	6cb0	FAK1	s
Q00944	4brx	FAK1	s
Q00944	6gcr	FAK1	s
Q00944	4d4y	FAK1	s
Q00944	4d5k	FAK1	s
Q01705	3p3p	Notch1	s
Q01705	2rr2	Notch1	s
Q01705	7abv	Notch1	s
Q01705	2rr0	Notch1	s
Q01705	5ky4	Notch1	s
Q01705	3p3n	Notch1	s
Q01705	2rqz	Notch1	s
Q01705	5ky8	Notch1	s
Q01705	5ky0	Notch1	s
Q01705	1ymp	Notch1	s
Q01705	5ky9	Notch1	s
Q01705	2qc9	Notch1	s
Q01970	4qj3	PLCβ3	d
Q01970	4qj4	PLCβ3	d
Q01970	4gnk	PLCβ3	d
Q01970	4qj5	PLCβ3	d
Q01970	7sq2	PLCβ3	d
Q01974	6osv	ROR2	s
Q01974	6osh	ROR2	s
Q01974	4gt4	ROR2	s
Q01974	6osn	ROR2	s
Q01974	3zzw	ROR2	s
Q04206	7nk5	p65	d
Q04206	7bjf	p65	d
Q04206	7o5x	p65	d
Q04206	7o6i	p65	d
Q04206	3rc0	p65	d
Q04206	7biy	p65	d
Q04206	7nle	p65	d
Q04206	7o5a	p65	d
Q04206	7o5d	p65	d
Q04206	7lf4	p65	d
Q04206	7o34	p65	d
Q04206	7nsv	p65	d
Q04206	7nws	p65	d
Q04206	7nm9	p65	d
Q04206	7nye	p65	d
Q04206	7biq	p65	d
Q04206	7o5g	p65	d
Q04206	6yp8	p65	d
Q04206	7o57	p65	d
Q04206	7o3s	p65	d
Q04206	6yoy	p65	d
Q04206	7njb	p65	d
Q04206	7nla	p65	d
Q04206	7nm1	p65	d
Q04206	7biw	p65	d
Q04206	7o5f	p65	d
Q04206	7nz6	p65	d
Q04206	7o3q	p65	d
Q04206	7nr7	p65	d
Q04206	7o6g	p65	d
Q04206	7o6o	p65	d
Q04206	5u4k	p65	d
Q04206	4kv1	p65	d
Q04206	6ypl	p65	d
Q04206	7ny4	p65	d
Q04206	7bi3	p65	d
Q04206	7nzk	p65	d
Q04206	7o6k	p65	d
Q04206	7nxs	p65	d
Q04206	2lsp	p65	d
Q04206	6yox	p65	d
Q04206	1nfi	p65	d
Q04206	7bjw	p65	d
Q04206	3qxy	p65	d
Q04206	7o5p	p65	d
Q04206	7leu	p65	d
Q04206	6ypy	p65	d
Q04206	6qhl	p65	d
Q04206	7nk3	p65	d
Q04206	7o3a	p65	d
Q04206	7bjl	p65	d
Q04206	7nyg	p65	d
Q04206	7nxy	p65	d
Q04206	7bjb	p65	d
Q04206	7nmh	p65	d
Q04206	7o6f	p65	d
Q04206	7o6j	p65	d
Q04206	6yp3	p65	d
Q04206	7nxw	p65	d
Q04206	7o59	p65	d
Q04206	7o5s	p65	d
Q04206	7o3r	p65	d
Q04206	7bkh	p65	d
Q04206	7nm3	p65	d
Q04206	7nxt	p65	d
Q04206	7o5o	p65	d
Q04206	7let	p65	d
Q04206	6yow	p65	d
Q04206	7o6m	p65	d
Q04206	6qhm	p65	d
Q04206	3gut	p65	d
Q04206	5urn	p65	d
Q04206	2o61	p65	d
Q04206	7o3f	p65	d
Q04206	7o3p	p65	d
Q04206	6yp2	p65	d
Q04206	7nyf	p65	d
Q04206	4kv4	p65	d
Q04206	7nv4	p65	d
Q04206	7o5c	p65	d
Q04206	7nzg	p65	d
Q04206	7nqp	p65	d
Q04206	6nv2	p65	d
Q04206	6yq2	p65	d
Q04206	7nvi	p65	d
Q04206	7o5u	p65	d
Q04206	7nzv	p65	d
Q04206	7nj9	p65	d
Q04721	5mwb	Notch2	s
Q04721	2oo4	Notch2	s
Q06124	4h1o	SHP2	s
Q06124	6bn5	SHP2	s
Q06124	7vxg	SHP2	s
Q06124	2shp	SHP2	s
Q06124	6bmx	SHP2	s
Q06124	6mdd	SHP2	s
Q06124	6cmq	SHP2	s
Q06124	6wu8	SHP2	s
Q06124	6mda	SHP2	s
Q06124	7r75	SHP2	s
Q06124	3mow	SHP2	s
Q06124	3b7o	SHP2	s
Q06124	4ohd	SHP2	s
Q06124	6roz	SHP2	s
Q06124	6r5g	SHP2	s
Q06124	4je4	SHP2	s
Q06124	5x94	SHP2	s
Q06124	7r7l	SHP2	s
Q06124	4h34	SHP2	s
Q06124	4jeg	SHP2	s
Q06124	6cms	SHP2	s
Q06124	6md9	SHP2	s
Q06124	6mdc	SHP2	s
Q06124	6bmu	SHP2	s
Q06124	4rdd	SHP2	s
Q06124	4nwf	SHP2	s
Q06124	4ohl	SHP2	s
Q06124	4dgx	SHP2	s
Q06124	6bmv	SHP2	s
Q06124	5bk8	SHP2	s
Q06124	3zm2	SHP2	s
Q06124	6mdb	SHP2	s
Q06124	6bmw	SHP2	s
Q06124	3o5x	SHP2	s
Q06124	5x7b	SHP2	s
Q06124	3tkz	SHP2	s
Q06124	4pvg	SHP2	s
Q06124	5xzr	SHP2	s
Q06124	7jvm	SHP2	s
Q06124	7jvn	SHP2	s
Q06124	3zm0	SHP2	s
Q06124	4qsy	SHP2	s
Q06124	4gwf	SHP2	s
Q06124	4dgp	SHP2	s
Q06124	5df6	SHP2	s
Q06124	7r7i	SHP2	s
Q06124	3tl0	SHP2	s
Q06124	7r7d	SHP2	s
Q06124	4jmg	SHP2	s
Q06124	5ibs	SHP2	s
Q06124	4nwg	SHP2	s
Q06124	4ohe	SHP2	s
Q06124	4ohh	SHP2	s
Q06124	4ohi	SHP2	s
Q06124	6roy	SHP2	s
Q06124	6cmp	SHP2	s
Q06124	6crg	SHP2	s
Q06124	7emn	SHP2	s
Q06124	3zm1	SHP2	s
Q06124	5ibm	SHP2	s
Q06124	6crf	SHP2	s
Q06124	6cmr	SHP2	s
Q06124	7rct	SHP2	s
Q06124	6bmr	SHP2	s
Q06124	5i6v	SHP2	s
Q06124	5ehp	SHP2	s
Q06124	5ehr	SHP2	s
Q06124	6md7	SHP2	s
Q06124	6atd	SHP2	s
Q06124	6bmy	SHP2	s
Q06124	3zm3	SHP2	s
Q06263	6ap1	Vta1	d
Q06263	3mhv	Vta1	d
Q06263	5h7p	Vta1	d
Q06263	2rkl	Vta1	d
Q06263	5uie	Vta1	d
Q06263	5xmk	Vta1	d
Q06263	2rkk	Vta1	d
Q06263	6oo2	Vta1	d
Q06263	2luh	Vta1	d
Q07889	4us1	SOS	s
Q07889	5ovf	SOS	s
Q07889	6bvi	SOS	s
Q07889	5wfp	SOS	s
Q07889	6epo	SOS	s
Q07889	5ove	SOS	s
Q07889	4urx	SOS	s
Q07889	6d59	SOS	s
Q07889	6d5l	SOS	s
Q07889	6d5w	SOS	s
Q07889	6scm	SOS	s
Q07889	6bvl	SOS	s
Q07889	6cup	SOS	s
Q07889	6d5j	SOS	s
Q07889	5ovg	SOS	s
Q07889	1xd2	SOS	s
Q07889	6d5g	SOS	s
Q07889	6v9o	SOS	s
Q07889	4us0	SOS	s
Q07889	4urv	SOS	s
Q07889	4urz	SOS	s
Q07889	4nym	SOS	s
Q07889	6v9n	SOS	s
Q07889	5wfr	SOS	s
Q07889	7avt	SOS	s
Q07889	6y44	SOS	s
Q07889	6v9j	SOS	s
Q07889	6d5v	SOS	s
Q07889	6epl	SOS	s
Q07889	5ovi	SOS	s
Q07889	4uru	SOS	s
Q07889	1bkd	SOS	s
Q07889	6epm	SOS	s
Q07889	6epp	SOS	s
Q07889	1nvv	SOS	s
Q07889	1nvx	SOS	s
Q07889	4us2	SOS	s
Q07889	6d5e	SOS	s
Q07889	5ovh	SOS	s
Q07889	6v9f	SOS	s
Q07889	6bvk	SOS	s
Q07889	6bvm	SOS	s
Q07889	6v9l	SOS	s
Q07889	6d5h	SOS	s
Q07889	1awe	SOS	s
Q07889	6epn	SOS	s
Q07889	6cur	SOS	s
Q07889	6bvj	SOS	s
Q07889	5wfq	SOS	s
Q07889	7avs	SOS	s
Q07889	6cuo	SOS	s
Q07889	7kfz	SOS	s
Q07889	1nvw	SOS	s
Q07889	1nvu	SOS	s
Q07889	7avu	SOS	s
Q07889	4nyi	SOS	s
Q07889	1xdv	SOS	s
Q07889	6d56	SOS	s
Q07889	5ovd	SOS	s
Q07889	1xd4	SOS	s
Q07889	1q9c	SOS	s
Q07889	3ksy	SOS	s
Q07889	6d55	SOS	s
Q07889	6f08	SOS	s
Q07889	2ii0	SOS	s
Q07889	7avi	SOS	s
Q07889	7avv	SOS	s
Q07889	1dbh	SOS	s
Q07889	4nyj	SOS	s
Q07889	6d5m	SOS	s
Q07889	4urw	SOS	s
Q07889	6v94	SOS	s
Q07889	6v9m	SOS	s
Q07889	5wfo	SOS	s
Q07889	7avl	SOS	s
Q07889	6sfr	SOS	s
Q07889	4ury	SOS	s
Q07912	3eqr	ACK1	d
Q07912	6vqm	ACK1	d
Q07912	1u54	ACK1	d
Q07912	4hzs	ACK1	d
Q07912	1u46	ACK1	d
Q07912	4id7	ACK1	d
Q07912	3eqp	ACK1	d
Q07912	1u4d	ACK1	d
Q07912	4ewh	ACK1	d
Q07912	4hzr	ACK1	d
Q07912	7kp6	ACK1	d
Q07912	1cf4	ACK1	d
Q07912	5zxb	ACK1	d
Q07960	5m6x	ARHGAP1	d
Q07960	1tx4	ARHGAP1	d
Q07960	1am4	ARHGAP1	d
Q07960	1grn	ARHGAP1	d
Q07960	2ngr	ARHGAP1	d
Q07960	5m70	ARHGAP1	d
Q07960	1rgp	ARHGAP1	d
Q07960	6r3v	ARHGAP1	d
Q07960	1ow3	ARHGAP1	d
Q08050	3g73	FoxM1	d
Q08050	7fj2	FoxM1	d
Q08499	6fdc	hPDE4D	d
Q08499	1y2d	hPDE4D	d
Q08499	6njj	hPDE4D	d
Q08499	6imb	hPDE4D	d
Q08499	6imd	hPDE4D	d
Q08499	6ftw	hPDE4D	d
Q08499	7w4x	hPDE4D	d
Q08499	3sl4	hPDE4D	d
Q08499	6f6u	hPDE4D	d
Q08499	6imo	hPDE4D	d
Q08499	6ink	hPDE4D	d
Q08499	6fdi	hPDE4D	d
Q08499	3g4i	hPDE4D	d
Q08499	2pw3	hPDE4D	d
Q08499	2fm0	hPDE4D	d
Q08499	6f8t	hPDE4D	d
Q08499	5wh6	hPDE4D	d
Q08499	1mkd	hPDE4D	d
Q08499	3sl8	hPDE4D	d
Q08499	6imt	hPDE4D	d
Q08499	6kjz	hPDE4D	d
Q08499	6f8x	hPDE4D	d
Q08499	3k4s	hPDE4D	d
Q08499	5wqa	hPDE4D	d
Q08499	3g4g	hPDE4D	d
Q08499	4w1o	hPDE4D	d
Q08499	4ogb	hPDE4D	d
Q08499	6nji	hPDE4D	d
Q08499	6f8r	hPDE4D	d
Q08499	1y2b	hPDE4D	d
Q08499	1y2e	hPDE4D	d
Q08499	3iad	hPDE4D	d
Q08499	6boj	hPDE4D	d
Q08499	6lrm	hPDE4D	d
Q08499	7abd	hPDE4D	d
Q08499	7a8q	hPDE4D	d
Q08499	5k32	hPDE4D	d
Q08499	1xor	hPDE4D	d
Q08499	1e9k	hPDE4D	d
Q08499	3iak	hPDE4D	d
Q08499	6fe7	hPDE4D	d
Q08499	6f8u	hPDE4D	d
Q08499	6f8w	hPDE4D	d
Q08499	7f2l	hPDE4D	d
Q08499	7cbj	hPDE4D	d
Q08499	7xbb	hPDE4D	d
Q08499	3g4l	hPDE4D	d
Q08499	6akr	hPDE4D	d
Q08499	1xon	hPDE4D	d
Q08499	5tkb	hPDE4D	d
Q08499	7f2m	hPDE4D	d
Q08499	7aag	hPDE4D	d
Q08499	7abe	hPDE4D	d
Q08499	2fm5	hPDE4D	d
Q08499	6imr	hPDE4D	d
Q08499	5lbo	hPDE4D	d
Q08499	1xom	hPDE4D	d
Q08499	3g4k	hPDE4D	d
Q08499	1zkn	hPDE4D	d
Q08499	6fta	hPDE4D	d
Q08499	1ptw	hPDE4D	d
Q08499	1tbb	hPDE4D	d
Q08499	7ay6	hPDE4D	d
Q08499	3sl3	hPDE4D	d
Q08499	6im6	hPDE4D	d
Q08499	6imi	hPDE4D	d
Q08499	6feb	hPDE4D	d
Q08499	7b9h	hPDE4D	d
Q08499	7a9v	hPDE4D	d
Q08499	3sl5	hPDE4D	d
Q08499	2qyn	hPDE4D	d
Q08499	1y2k	hPDE4D	d
Q08499	1xoq	hPDE4D	d
Q08499	7abj	hPDE4D	d
Q08499	3g58	hPDE4D	d
Q08499	6ft0	hPDE4D	d
Q08499	6fw3	hPDE4D	d
Q08499	6kk0	hPDE4D	d
Q08499	6ibf	hPDE4D	d
Q08499	7cbq	hPDE4D	d
Q08499	6zba	hPDE4D	d
Q08499	7w4y	hPDE4D	d
Q08499	1oyn	hPDE4D	d
Q08499	6iag	hPDE4D	d
Q08499	4wcu	hPDE4D	d
Q08499	1q9m	hPDE4D	d
Q08499	6rcw	hPDE4D	d
Q08499	6njh	hPDE4D	d
Q08499	6ind	hPDE4D	d
Q08499	6inm	hPDE4D	d
Q08499	6hwo	hPDE4D	d
Q08499	5wh5	hPDE4D	d
Q08499	7f2k	hPDE4D	d
Q08499	7ab9	hPDE4D	d
Q08499	5k1i	hPDE4D	d
Q08499	3sl6	hPDE4D	d
Q08499	3v9b	hPDE4D	d
Q08499	1y2c	hPDE4D	d
Q08499	1tb7	hPDE4D	d
Q08499	6f8v	hPDE4D	d
Q08499	6fet	hPDE4D	d
Q13153	3q53	PAK1	d
Q13153	5dew	PAK1	d
Q13153	2hy8	PAK1	d
Q13153	4zji	PAK1	d
Q13153	3dvp	PAK1	d
Q13153	3q52	PAK1	d
Q13153	3q4z	PAK1	d
Q13153	5dfp	PAK1	d
Q13153	4zy5	PAK1	d
Q13153	1yhv	PAK1	d
Q13153	4zy6	PAK1	d
Q13153	4eqc	PAK1	d
Q13153	5ime	PAK1	d
Q13153	4o0t	PAK1	d
Q13153	2qme	PAK1	d
Q13153	4daw	PAK1	d
Q13153	6b16	PAK1	d
Q13153	5dey	PAK1	d
Q13153	5kbq	PAK1	d
Q13153	3fxz	PAK1	d
Q13153	4zlo	PAK1	d
Q13153	4o0r	PAK1	d
Q13153	5kbr	PAK1	d
Q13153	4zjj	PAK1	d
Q13153	4p90	PAK1	d
Q13153	3fy0	PAK1	d
Q13153	4zy4	PAK1	d
Q13153	1zsg	PAK1	d
Q13153	1yhw	PAK1	d
Q13153	1f3m	PAK1	d
Q13625	4irv	ASPP2	d
Q13625	6hkp	ASPP2	d
Q13625	1ycs	ASPP2	d
Q13625	2uwq	ASPP2	d
Q13625	4a63	ASPP2	d
Q13625	6ghm	ASPP2	d
Q15027	3t9k	ACAP1	d
Q15027	4ckg	ACAP1	d
Q15027	4f1p	ACAP1	d
Q15027	3jue	ACAP1	d
Q15027	5h3d	ACAP1	d
Q15027	4nsw	ACAP1	d
Q15027	4ckh	ACAP1	d
Q15418	5v62	RSK1	s
Q15418	6twy	RSK1	s
Q15418	2z7s	RSK1	s
Q15418	4h3p	RSK1	s
Q15418	7qql	RSK1	s
Q15418	3rny	RSK1	s
Q15418	5csj	RSK1	s
Q15418	7pc8	RSK1	s
Q15418	5csi	RSK1	s
Q15418	4nif	RSK1	s
Q15418	2z7q	RSK1	s
Q15418	5n7d	RSK1	s
Q15418	2z7r	RSK1	s
Q15418	5v61	RSK1	s
Q15418	3tei	RSK1	s
Q15418	5n7g	RSK1	s
Q15418	5csf	RSK1	s
Q15418	5csn	RSK1	s
Q15418	2wnt	RSK1	s
Q15418	5n7f	RSK1	s
Q15691	2hl3	EB1	s
Q15691	4xa6	EB1	s
Q15691	2hl5	EB1	s
Q15691	3mud	EB1	s
Q15691	5jx1	EB1	s
Q15691	1txq	EB1	s
Q15691	6ysh	EB1	s
Q15691	6pf2	EB1	s
Q15691	1yib	EB1	s
Q15691	1yig	EB1	s
Q15691	1wu9	EB1	s
Q15691	1ueg	EB1	s
Q15691	3gjo	EB1	s
Q15691	5jvp	EB1	s
Q15691	2qjz	EB1	s
Q15691	5jvr	EB1	s
Q15691	5jvu	EB1	s
Q15691	6yf5	EB1	s
Q15691	4xa1	EB1	s
Q15691	2hkq	EB1	s
Q15691	5jvm	EB1	s
Q15691	5wlq	EB1	s
Q15691	2r8u	EB1	s
Q15691	5jvs	EB1	s
Q15691	1pa7	EB1	s
Q15691	4xa3	EB1	s
Q15691	3mtu	EB1	s
Q15691	5jv3	EB1	s
Q15691	3tq7	EB1	s
Q15691	1vka	EB1	s
Q15691	6pfp	EB1	s
Q16620	1hcf	NTRK2	s
Q16620	5mo9	NTRK2	s
Q16620	4at3	NTRK2	s
Q16620	4at4	NTRK2	s
Q16620	4at5	NTRK2	s
Q16620	1wwb	NTRK2	s
Q16620	2mfq	NTRK2	s
Q16620	4asz	NTRK2	s
Q3KK31	3pjw	LapD	s
Q3KK31	3pjt	LapD	s
Q3KK31	3pjx	LapD	s
Q3KK31	3pju	LapD	s
Q3KK31	3pjv	LapD	s
Q3UP24	4kxf	NLRC4	s
Q3UP24	5aj2	NLRC4	s
Q3UP24	6b5b	NLRC4	s
Q3UP24	3jbl	NLRC4	s
Q5EGY4	3kyq	YKT6	s
Q62120	4gl9	JAK2	s
Q62120	2hdx	JAK2	s
Q63450	1a06	CAMKI	d
Q63450	2l7l	CAMKI	d
Q63450	1mxe	CAMKI	d
Q63622	4h11	Dlg2	s
Q64287	5bvi	IRF4	s
Q86WV6	4f5w	STING	d
Q86WV6	4f5d	STING	d
Q86WV6	4qxp	STING	d
Q86WV6	6mx0	STING	d
Q86WV6	4qxo	STING	d
Q86WV6	6ywb	STING	d
Q86WV6	4f5y	STING	d
Q86WV6	6xnp	STING	d
Q86WV6	6ukw	STING	d
Q86WV6	4qxr	STING	d
Q86WV6	4loh	STING	d
Q86WV6	4emt	STING	d
Q86WV6	6nt5	STING	d
Q86WV6	6mx3	STING	d
Q86WV6	6s86	STING	d
Q86WV6	4ksy	STING	d
Q86WV6	5jej	STING	d
Q86WV6	6ydb	STING	d
Q86WV6	4loi	STING	d
Q86WV6	4f5e	STING	d
Q86WV6	5bqx	STING	d
Q86WV6	6cff	STING	d
Q86WV6	4f9e	STING	d
Q86WV6	7kvx	STING	d
Q86WV6	6yea	STING	d
Q86WV6	6xf4	STING	d
Q86WV6	6rm0	STING	d
Q86WV6	6mxe	STING	d
Q86WV6	7kw1	STING	d
Q86WV6	6y99	STING	d
Q86WV6	4qxq	STING	d
Q86WV6	6s27	STING	d
Q86WV6	6dxl	STING	d
Q86WV6	6ukv	STING	d
Q86WV6	6ukx	STING	d
Q86WV6	6dnk	STING	d
Q86WV6	7mhc	STING	d
Q86WV6	7ob3	STING	d
Q86WV6	6z0z	STING	d
Q86WV6	6ukm	STING	d
Q86WV6	6cy7	STING	d
Q86WV6	7sii	STING	d
Q86WV6	4ef4	STING	d
Q86WV6	6dxg	STING	d
Q86WV6	6ydz	STING	d
Q86WV6	6uku	STING	d
Q86WV6	6ul0	STING	d
Q86WV6	6s26	STING	d
Q86WV6	6xf3	STING	d
Q86WV6	6z15	STING	d
Q86WV6	6uky	STING	d
Q86WV6	6ukz	STING	d
Q86WV6	6o8b	STING	d
Q86WV6	4ef5	STING	d
Q86WV6	6o8c	STING	d
Q86WV6	4f9g	STING	d
Q86WV6	6ywa	STING	d
Q86WV6	4emu	STING	d
Q8IVH8	5j5t	GLK	s
Q8NQJ3	2kb4	OdhI	d
Q8NQJ3	4qcj	OdhI	d
Q8NQJ3	2kb3	OdhI	d
Q8VDP3	2bra	MICAL	d
Q8VDP3	4txi	MICAL	d
Q8VDP3	2c4c	MICAL	d
Q8VDP3	4txk	MICAL	d
Q8VDP3	2bry	MICAL	d
Q8WUM4	3c3o	ALIX	d
Q8WUM4	2r02	ALIX	d
Q8WUM4	2xs1	ALIX	d
Q8WUM4	5wa1	ALIX	d
Q8WUM4	4jjy	ALIX	d
Q8WUM4	3c3q	ALIX	d
Q8WUM4	2zne	ALIX	d
Q8WUM4	6kp3	ALIX	d
Q8WUM4	2oex	ALIX	d
Q8WUM4	3c3r	ALIX	d
Q8WUM4	2r03	ALIX	d
Q8WUM4	2oew	ALIX	d
Q8WUM4	2oev	ALIX	d
Q8WUM4	3e1r	ALIX	d
Q8WUM4	2xs8	ALIX	d
Q8WUM4	2r05	ALIX	d
Q8WUM4	2ojq	ALIX	d
Q8WUM4	3wuv	ALIX	d
Q8WUM4	5v3r	ALIX	d
Q8Y842	3fi7	Auto	d
Q8Y842	5jqc	Auto	d
Q92985	2o61	IRF-7	s
Q96B97	2k9g	Cin85	s
Q96B97	5abs	Cin85	s
Q96B97	2ydl	Cin85	s
Q96B97	2o2o	Cin85	s
Q96B97	2bz8	Cin85	s
Q96B97	2n64	Cin85	s
Q96B97	2k6d	Cin85	s
Q96RG2	1ll8	hPASK	s
Q96RG2	3dls	hPASK	s
Q96RR4	6y8a	CAMKK2	d
Q96RR4	6bqq	CAMKK2	d
Q96RR4	5yvb	CAMKK2	d
Q96RR4	6eww	CAMKK2	d
Q96RR4	6ef5	CAMKK2	d
Q96RR4	5vt1	CAMKK2	d
Q96RR4	5yv9	CAMKK2	d
Q96RR4	6y6b	CAMKK2	d
Q96RR4	6ble	CAMKK2	d
Q96RR4	6brc	CAMKK2	d
Q96RR4	5yva	CAMKK2	d
Q96RR4	6bku	CAMKK2	d
Q96RR4	6bql	CAMKK2	d
Q96RR4	6bqp	CAMKK2	d
Q96RR4	5yv8	CAMKK2	d
Q96RR4	5uyj	CAMKK2	d
Q96RR4	6y3o	CAMKK2	d
Q96RR4	6y4k	CAMKK2	d
Q96RR4	2zv2	CAMKK2	d
Q96RR4	5yvc	CAMKK2	d
Q96RR4	5uy6	CAMKK2	d
Q96RR4	6cmj	CAMKK2	d
Q96RR4	6fel	CAMKK2	d
Q9BY11	3q84	Pacsin-1	s
Q9BY11	3hah	Pacsin-1	s
Q9BY11	3qni	Pacsin-1	s
Q9BY11	3hai	Pacsin-1	s
Q9H2X6	6p5s	HIPK2	d
Q9H2X6	7ncf	HIPK2	d
Q9H7B4	6p7z	SmyD3	s
Q9H7B4	5xxj	SmyD3	s
Q9H7B4	3oxg	SmyD3	s
Q9H7B4	7o2c	SmyD3	s
Q9H7B4	7o2b	SmyD3	s
Q9H7B4	3mek	SmyD3	s
Q9H7B4	6ijl	SmyD3	s
Q9H7B4	6yuh	SmyD3	s
Q9H7B4	6p6k	SmyD3	s
Q9H7B4	6p6g	SmyD3	s
Q9H7B4	7bj1	SmyD3	s
Q9H7B4	5ex3	SmyD3	s
Q9H7B4	5ccm	SmyD3	s
Q9H7B4	5ex0	SmyD3	s
Q9H7B4	3oxf	SmyD3	s
Q9H7B4	6paf	SmyD3	s
Q9H7B4	5xxd	SmyD3	s
Q9H7B4	3qwp	SmyD3	s
Q9H7B4	5xxg	SmyD3	s
Q9H7B4	7o2a	SmyD3	s
Q9H7B4	5hq8	SmyD3	s
Q9H7B4	5v37	SmyD3	s
Q9H7B4	5hi7	SmyD3	s
Q9H7B4	6o9o	SmyD3	s
Q9H7B4	5yjo	SmyD3	s
Q9H7B4	5ccl	SmyD3	s
Q9H7B4	3ru0	SmyD3	s
Q9H7B4	3oxl	SmyD3	s
Q9H7B4	3pdn	SmyD3	s
Q9HAU4	2ltz	Smurf2	s
Q9HAU4	7m3q	Smurf2	s
Q9HAU4	2djy	Smurf2	s
Q9HAU4	1zvd	Smurf2	s
Q9HAU4	2jqz	Smurf2	s
Q9HAU4	2kxq	Smurf2	s
Q9HAU4	6fx4	Smurf2	s
Q9JK66	4zyn	Park2	s
Q9JK66	4k95	Park2	s
Q9JK66	2knb	Park2	s
Q9JK66	4k7d	Park2	s
Q9NP95	3f1r	FGF20	s
Q9NR80	2pz1	Asef	d
Q9NR80	2dx1	Asef	d
Q9NR80	3nmz	Asef	d
Q9NR80	3nmx	Asef	d
Q9P246	2l5y	STIM2	d
Q9UKW6	1wwx	ELF5	s
Q9Y4D1	2z6e	Daam1	d
Q9Y4D1	2j1d	Daam1	d
Q9Y4K3	1lb5	TRAF6	s
Q9Y4K3	6a33	TRAF6	s
Q9Y4K3	3hcs	TRAF6	s
Q9Y4K3	3hcu	TRAF6	s
Q9Y4K3	2jmd	TRAF6	s
Q9Y4K3	7l3l	TRAF6	s
Q9Y4K3	1lb4	TRAF6	s
Q9Y4K3	1lb6	TRAF6	s
Q9Y4K3	3hct	TRAF6	s
Q9Y4K3	2eci	TRAF6	s
Q9Y4K3	5zuj	TRAF6	s
Q9Y4K3	4z8m	TRAF6	s
Q9Y613	6xf1	FHOD1	d
Q9Y613	3dad	FHOD1	d
Q9Y613	6xf2	FHOD1	d
Q9Z0R4	3jv3	Intersectin-1L	s
Q9Z0R4	3hs8	Intersectin-1L	s
